digital order no.,description,date,topics,places,record url,image url,suburb,street,location
a089103,"[Civil Service Club, Macquarie Street, Sydney, ca. 1867-1877] / B.C. Boake photographer, 330 George St, Sydney",1867-1877,"clubs, associations, societies etc.
streetscapes","Civil Service Club (Macquarie Street, Sydney, N.S.W.)
Macquarie Street (Sydney, N.S.W.)",http://www.acmssearch.sl.nsw.gov.au/search/itemDetailPaged.cgi?itemID=412234,http://acms.sl.nsw.gov.au/_DAMl/image/18/122/a089103r.jpg,Sydney City,George Street,Sydney
a089493,"Lassetter & Co., wholesale and retail ironmonger, 421 George Street, Sydney / [attributed to Charles Pickering]",1870,hardware shops,"Lassetter & Co. (421 George Street, Sydney, N.S.W.)",http://acms.sl.nsw.gov.au/item/itemDetailPaged.aspx?itemID=413061,http://acms.sl.nsw.gov.au/_DAMl/image/18/123/a089493r.jpg,Sydney City,George Street,Sydney
a089546,"George St., looking south [Sydney / attributed to Charles Pickering]",1870,"banks
horsedrawn carts
commercial establishments
streetscapes
city & town streets","George Street (Sydney, N.S.W.)",http://www.acmssearch.sl.nsw.gov.au/search/itemDetailPaged.cgi?itemID=413276,http://acms.sl.nsw.gov.au/_DAMl/image/18/123/a089546r.jpg,Sydney City,George Street,Sydney
a089696,"George St. North, 1870 (Millers Point)",1870,"horsedrawn buses
streetscapes
terrace houses",Millers Point (N.S.W.),http://www.acmssearch.sl.nsw.gov.au/search/itemDetailPaged.cgi?itemID=414213,http://acms.sl.nsw.gov.au/_DAMl/image/18/123/a089696r.jpg,Sydney City,George Street,Sydney
a089547,"[George Street at the corner of Market Street, Sydney] / J. Roarty, Mkt. St., George St.",1876-1877,"awnings
commercial establishments
streetscapes
city & town streets","George Street (Sydney, N.S.W.)",http://www.acmssearch.sl.nsw.gov.au/search/itemDetailPaged.cgi?itemID=413282,http://acms.sl.nsw.gov.au/_DAMl/image/18/123/a089547r.jpg,Sydney City,George Street,Sydney
a089340,"Motor and double-deck cars, Market Street, 1879",1879-1880,steam trams,Sydney (N.S.W.),http://www.acmssearch.sl.nsw.gov.au/search/itemDetailPaged.cgi?itemID=412719,http://acms.sl.nsw.gov.au/_DAMl/image/18/123/a089340r.jpg,Sydney City,Market Street,Sydney
a089287,"[General Post Office, George Street, Sydney] / C. Bayliss Photo, Sydney",ca. 1880,"post offices
power & telegraph poles","General Post Office (Sydney, N.S.W.)",http://www.acmssearch.sl.nsw.gov.au/search/itemDetailPaged.cgi?itemID=412614,http://acms.sl.nsw.gov.au/_DAMl/image/18/123/a089287r.jpg,Sydney City,George Street,Sydney
d1_09619,"General Post Office, George Street",ca. 1880,"clock towers
gas lamps
hansom cabs
post offices
city & town streets
trams","General Post Office (Sydney, N.S.W.)
George Street (Sydney, N.S.W.)
Martin Place (Sydney, N.S.W.)",http://www.acmssearch.sl.nsw.gov.au/search/itemDetailPaged.cgi?itemID=175396,http://acms.sl.nsw.gov.au/_DAMl/image/10/183/d1_09619r.jpg,Sydney City,George Street,Sydney
a1528333,"North east corner of Hunter and George Streets, Sydney, 1884-1885 / photographed by Kerry & Co., 310 George Street, Sydney",1884-1885,"city & town streets
power & telegraph poles
Colonial architecture
shops","Hunter Street (Sydney, N.S.W.)
George Street (Sydney, N.S.W.)",http://www.acmssearch.sl.nsw.gov.au/search/itemDetailPaged.cgi?itemID=840341,http://acms.sl.nsw.gov.au/_DAMl/image/19/147/a1528333r.jpg,Sydney City,George Street,Sydney
a732004,"Deliveries for Government Savings Bank. Chubb Australia Ltd. - photographs, ca. 1890s-1960s",ca. 1890,City & town streets,"Government Savings Bank of New South Wales (Martin Place, Sydney, N.S.W.)",http://www.acmssearch.sl.nsw.gov.au/search/itemDetailPaged.cgi?itemID=421972,http://acms.sl.nsw.gov.au/_DAMx\image/19/143/a732004h.jpg,Sydney City,Martin Place,Sydney
a440028,"Fred Hardie - Photographs of Sydney, Newcastle, New South Wales and Aboriginals for George Washington Wilson & Co., 1892-1893. Castlereagh Street, Sydney, from near King Street ",1892-1893,City & town streets,Sydney (N.S.W.),http://www.acmssearch.sl.nsw.gov.au/search/itemDetailPaged.cgi?itemID=152951,http://acms.sl.nsw.gov.au/_DAMx\image/18/148/a440028h.jpg,Sydney City,Castlereagh street,Sydney
a440034,"Fred Hardie - Photographs of Sydney, Newcastle, New South Wales and Aboriginals for George Washington Wilson & Co., 1892-1893. Oxford Street, Sydney ",1892-1893,City & town streets,Sydney (N.S.W.),http://www.acmssearch.sl.nsw.gov.au/search/itemDetailPaged.cgi?itemID=152951,http://acms.sl.nsw.gov.au/_DAMx\image/18/148/a440034h.jpg,Paddington,Oxford Street,Sydney
a440035,"Fred Hardie - Photographs of Sydney, Newcastle, New South Wales and Aboriginals for George Washington Wilson & Co., 1892-1893. General Post Office, Sydney from Moore Street ",1892-1893,City & town streets,Sydney (N.S.W.),http://www.acmssearch.sl.nsw.gov.au/search/itemDetailPaged.cgi?itemID=152951,http://acms.sl.nsw.gov.au/_DAMx\image/18/148/a440035h.jpg,Sydney City,George Street,Sydney
bcp_06025,"General view of George Street, Sydney from corner of George & King Street - Sydney, NSW",ca. 1896,"clock towers
horsedrawn vehicles
shop verandas
city & town streets
town halls",Sydney (N.S.W.),http://www.acmssearch.sl.nsw.gov.au/search/itemDetailPaged.cgi?itemID=394064,http://acms.sl.nsw.gov.au/_DAMl/image/17/128/bcp_06025r.jpg,Sydney City,George Street,Sydney
perier_34453,"Quay-Railway tram crosses the King Street cable tram tracks, George and King Streets (?), Sydney",1898,"banks
streetscapes
city & town streets
trams
tramway signals","George Street (Sydney, N.S.W.)",http://www.acmssearch.sl.nsw.gov.au/search/itemDetailPaged.cgi?itemID=14940,http://acms.sl.nsw.gov.au/_DAMl/image/18/127/perier_34453r.jpg,Sydney City,King Street,Sydney
perier_34452,"Rainy day, King Street, corner of George Street, looking east, with King-Ocean Street cable tram and the Swiss Photographic Studios",1898-1900,"cable trams
cable tramways (ground)
intersections
rain
streetscapes
city & town streets
umbrellas","King Street (Sydney, N.S.W.)",http://www.acmssearch.sl.nsw.gov.au/search/itemDetailPaged.cgi?itemID=14928,http://acms.sl.nsw.gov.au/_DAMl/image/18/127/perier_34452r.jpg,Sydney City,King Street,Sydney
a422003,"Frederick Danvers Power : photonegatives, 1898-1926",1898-1926,City & town streets,Sydney (N.S.W.),http://www.acmssearch.sl.nsw.gov.au/search/itemDetailPaged.cgi?itemID=404293,http://acms.sl.nsw.gov.au/_DAMx\image/20/139/a422003h.jpg,Sydney City,George Street,Sydney
a422004,"George Street pedestrians, c. 1900. Frederick Power. ",1898-1926,City & town streets,Sydney (N.S.W.),http://www.acmssearch.sl.nsw.gov.au/search/itemDetailPaged.cgi?itemID=404293,http://acms.sl.nsw.gov.au/_DAMx\image/18/148/a422004h.jpg,Sydney City,George Street,Sydney
a422005,"Frederick Danvers Power : photonegatives, 1898-1926",1898-1926,City & town streets,Sydney (N.S.W.),http://www.acmssearch.sl.nsw.gov.au/search/itemDetailPaged.cgi?itemID=404293,http://acms.sl.nsw.gov.au/_DAMx\image/18/148/a422005h.jpg,Sydney City,George Street,Sydney
a422006,"Frederick Danvers Power : photonegatives, 1898-1926",1898-1926,City & town streets,Sydney (N.S.W.),http://www.acmssearch.sl.nsw.gov.au/search/itemDetailPaged.cgi?itemID=404293,http://acms.sl.nsw.gov.au/_DAMx\image/18/148/a422006h.jpg,Sydney City,George Street,Sydney
a422007,"Frederick Danvers Power : photonegatives, 1898-1926",1898-1926,City & town streets,Sydney (N.S.W.),http://www.acmssearch.sl.nsw.gov.au/search/itemDetailPaged.cgi?itemID=404293,http://acms.sl.nsw.gov.au/_DAMx\image/18/148/a422007h.jpg,Sydney City,George Street,Sydney
a422008,"Frederick Danvers Power : photonegatives, 1898-1926",1898-1926,City & town streets,Sydney (N.S.W.),http://www.acmssearch.sl.nsw.gov.au/search/itemDetailPaged.cgi?itemID=404293,http://acms.sl.nsw.gov.au/_DAMx\image/18/148/a422008h.jpg,Sydney City,George Street,Sydney
a422011,"Frederick Danvers Power : photonegatives, 1898-1926",1898-1926,City & town streets,Sydney (N.S.W.),http://www.acmssearch.sl.nsw.gov.au/search/itemDetailPaged.cgi?itemID=404293,http://acms.sl.nsw.gov.au/_DAMx\image/18/148/a422011h.jpg,Sydney City,George Street,Sydney
a422012,"Frederick Danvers Power : photonegatives, 1898-1926",1898-1926,City & town streets,Sydney (N.S.W.),http://www.acmssearch.sl.nsw.gov.au/search/itemDetailPaged.cgi?itemID=404293,http://acms.sl.nsw.gov.au/_DAMx\image/18/148/a422012h.jpg,Sydney City,George Street,Sydney
a422014,"Frederick Danvers Power : photonegatives, 1898-1926",1898-1926,City & town streets,Sydney (N.S.W.),http://www.acmssearch.sl.nsw.gov.au/search/itemDetailPaged.cgi?itemID=404293,http://acms.sl.nsw.gov.au/_DAMx\image/18/148/a422014h.jpg,Sydney City,George Street,Sydney
a852001,Views of Sydney,1899-1903,"bridges
horsedrawn vehicles
markets
residential streets
roads & streets
streetscapes
city & town streets
trams","George Street (Sydney, N.S.W.)",http://www.acmssearch.sl.nsw.gov.au/search/itemDetailPaged.cgi?itemID=74030,http://acms.sl.nsw.gov.au/_DAMl/image/23/116/a852001r.jpg,Sydney City,George Street,Sydney
a1528376,"[George Street looking south and the Queen Victoria Markets, ca. 1899]",ca. 1899,"buildings, structures & establishments
horsedrawn carts
horsedrawn buses
post-boxes
shops
tramways","George Street (Sydney, N.S.W.)
Queen Victoria Building (Sydney, N.S.W.)",http://www.acmssearch.sl.nsw.gov.au/search/itemDetailPaged.cgi?itemID=403015,http://acms.sl.nsw.gov.au/_DAMl/image/20/139/a1528376r.jpg,Sydney City,George Street,Sydney
hall_34740,"Bank of New Zealand, Wynyard & George Streets",ca. 1900,banks,"Bank of New Zealand, Wynyard & George Streets (Sydney, N.S.W.)",http://www.acmssearch.sl.nsw.gov.au/search/itemDetailPaged.cgi?itemID=53139,http://acms.sl.nsw.gov.au/_DAMl/image/17/130/hall_34740r.jpg,Sydney City,George Street,Sydney
hall_34866,"The Salvage Stores, 399-401 George Street",ca. 1900,"commercial establishments
shops","George Street (Sydney, N.S.W.)",http://www.acmssearch.sl.nsw.gov.au/search/itemDetailPaged.cgi?itemID=53289,http://acms.sl.nsw.gov.au/_DAMl/image/17/131/hall_34866r.jpg,Sydney City,George Street,Sydney
hall_34954,"Pacific House; 249 George Street, National Bank of Australasia, Union House; 243-247 George Street, W.E.J. Weller",ca. 1900,"banks
commercial establishments
intersections","George Street (Sydney, N.S.W.)
Grosvenor Street (Sydney, N.S.W.)
Pacific House (George Street, Sydney, N.S.W.)
Union Steam Ship Co of New Zealand Ltd (Union House, 247 George Street, Sydney, N.S.W.)",http://www.acmssearch.sl.nsw.gov.au/search/itemDetailPaged.cgi?itemID=53382,http://acms.sl.nsw.gov.au/_DAMl/image/17/131/hall_34954r.jpg,Sydney City,George Street,Sydney
hall_34956,"T. Dixson, Undertaker, Edward Arnold Ltd.; 249 Crown Street",ca. 1900,"city & town streets
undertakers","Crown Street (Surry Hills, N.S.W.)
Oxford Street (Darlinghurst, N.S.W.)",http://www.acmssearch.sl.nsw.gov.au/search/itemDetailPaged.cgi?itemID=53384,http://acms.sl.nsw.gov.au/_DAMl/image/17/131/hall_34956r.jpg,Surry Hills,Crown Street,Sydney
hall_34964,"The National Bank of Australasia, Pacific House, Union House; George Street",ca. 1900,"banks
commercial establishments
motorcycles","George Street (Sydney, N.S.W.)
National Bank (253 George Street, Sydney, N.S.W.)
Pacific House (George Street, Sydney, N.S.W.)
Union Steam Ship Co of New Zealand Ltd (Union House, 247 George Street, Sydney, N.S.W.)",http://www.acmssearch.sl.nsw.gov.au/search/itemDetailPaged.cgi?itemID=53393,http://acms.sl.nsw.gov.au/_DAMl/image/17/131/hall_34964r.jpg,Sydney City,George Street,Sydney
hall_34965,"The Australian Bank of Commerce; 369 George Street, John Brush, John Watson",ca. 1900,"banks
commercial establishments","George Street (Sydney, N.S.W.)",http://www.acmssearch.sl.nsw.gov.au/search/itemDetailPaged.cgi?itemID=53394,http://acms.sl.nsw.gov.au/_DAMl/image/17/131/hall_34965r.jpg,Sydney City,George Street,Sydney
p1_00018,"King St., Sydney from Pitt St., looking E [East, 1894] / [photographed by] H King Syd.",ca. 1900,"cable trams
crowds
streetscapes
city & town streets","King Street (Sydney, N.S.W.)
Quong Tart's Tea House (137 King Street, Sydney, N.S.W.)",http://www.acmssearch.sl.nsw.gov.au/search/itemDetailPaged.cgi?itemID=141914,http://acms.sl.nsw.gov.au/_DAMl/image/17/110/p1_00018r.jpg,Sydney City,King Street,Sydney
perier_34660,"Looking north, corner George and Barrack Streets, Sydney; advertisement for Kerry's Photographic Studios in background",ca. 1900,"horsedrawn buses
rain
streetlights
city & town streets","George Street (Sydney, N.S.W.)",http://www.acmssearch.sl.nsw.gov.au/search/itemDetailPaged.cgi?itemID=15109,http://acms.sl.nsw.gov.au/_DAMl/image/18/127/perier_34660r.jpg,Sydney City,George Street,Sydney
hall_34860,"New Zealand Loan & Mercantile Agency Woolstore, Ultimo",ca. 1900,"city & town streets
trucks
wool bales
woolstores","Wattle Street (Ultimo, N.S.W.)
William Henry Street (Ultimo, N.S.W.)",http://www.acmssearch.sl.nsw.gov.au/search/itemDetailPaged.cgi?itemID=53282,http://acms.sl.nsw.gov.au/_DAMl/image/17/131/hall_34860r.jpg,Ultimo,Wattle Street,Sydney
hall_34939,"Yaralla Chambers, Lombard Chambers, Sydney Stock Exchange; Pitt Street",ca. 1900,"commercial establishments
stock exchanges","Pitt Street (Sydney, N.S.W.)
Sydney Stock Exchange (Pitt Street, Sydney, N.S.W.)",http://www.acmssearch.sl.nsw.gov.au/search/itemDetailPaged.cgi?itemID=53366,http://acms.sl.nsw.gov.au/_DAMl/image/17/131/hall_34939r.jpg,Sydney City,Pitt Street,Sydney
a116215,George St. Sydney [showing Bank of Australasia and GPO on right],1900-1910,"banks
buildings, structures & establishments
post offices
roads & streets","Bank of Australasia (Sydney, N.S.W.)
General Post Office (Sydney, N.S.W.)
George Street (Sydney, N.S.W.)
Martin Place (Sydney, N.S.W.)",http://www.acmssearch.sl.nsw.gov.au/search/itemDetailPaged.cgi?itemID=413422,http://acms.sl.nsw.gov.au/_DAMl/image/19/166/a116215r.jpg,Sydney City,George Street,Sydney
a116370,Corner of George and King Streets (cable trams in King St.),1900-1910,"buildings, structures & establishments
roads & streets
trams","George Street (Sydney, N.S.W.)
King Street (Sydney, N.S.W.)",http://www.acmssearch.sl.nsw.gov.au/search/itemDetailPaged.cgi?itemID=413648,http://acms.sl.nsw.gov.au/_DAMl/image/19/166/a116370r.jpg,Sydney City,King Street,Sydney
a116375,George St. Sydney,1900-1910,"buildings, structures & establishments
horsedrawn carriages
roads & streets
trams","George Street (Sydney, N.S.W.)",http://www.acmssearch.sl.nsw.gov.au/search/itemDetailPaged.cgi?itemID=413680,http://acms.sl.nsw.gov.au/_DAMl/image/19/166/a116375r.jpg,Sydney City,George Street,Sydney
a116376,George St. Sydney,1900-1910,"aerial views
buildings, structures & establishments
horsedrawn carriages
clocks
roads & streets
city & town views
trams","George Street (Sydney, N.S.W.)",http://www.acmssearch.sl.nsw.gov.au/search/itemDetailPaged.cgi?itemID=413681,http://acms.sl.nsw.gov.au/_DAMl/image/19/166/a116376r.jpg,Sydney City,George Street,Sydney
a116377,"George St. Sydney [showing St Andrews Cathedral, Town Hall and the QVB]",1900-1910,"buildings, structures & establishments
horsedrawn carriages
cathedrals
roads & streets
town halls
trams","George Street (Sydney, N.S.W.)
Queen Victoria Building (Sydney, N.S.W.)
St. Andrew's Cathedral (Sydney, N.S.W.)
Sydney Town Hall (Sydney, N.S.W.)",http://www.acmssearch.sl.nsw.gov.au/search/itemDetailPaged.cgi?itemID=413682,http://acms.sl.nsw.gov.au/_DAMl/image/19/166/a116377r.jpg,Sydney City,George Street,Sydney
a116381,"Oxford Street, Sydney",1900-1910,"buildings, structures & establishments
roads & streets
trams","Oxford Street (Sydney, N.S.W.)",http://www.acmssearch.sl.nsw.gov.au/search/itemDetailPaged.cgi?itemID=413686,http://acms.sl.nsw.gov.au/_DAMl/image/19/166/a116381r.jpg,Paddington,Oxford Street,Sydney
a116383,"Martin Place, Sydney [from George Street]",1900-1910,"flowers
lights
post offices
squares (streets)
streetscapes","General Post Office (Sydney, N.S.W.)
George Street (Sydney, N.S.W.)
Martin Place (Sydney, N.S.W.)",http://www.acmssearch.sl.nsw.gov.au/search/itemDetailPaged.cgi?itemID=413688,http://acms.sl.nsw.gov.au/_DAMl/image/19/166/a116383r.jpg,Sydney City,George Street,Sydney
a105289,"[Scenes of Glebe, N.S.W.] Glebe Point Road",1900-1927,"cars
horsedrawn carts
churches
entrance gates
gardens
historical costumes
lampposts
police
post offices
real estate agencies
roads & streets
schoolchildren
schools & colleges
shopfronts
streetscapes
trams",Glebe (N.S.W.),http://www.acmssearch.sl.nsw.gov.au/search/itemDetailPaged.cgi?itemID=72228,http://acms.sl.nsw.gov.au/_DAMx\image/18/134/a105289h.jpg,Glebe,Glebe Point Road,Sydney
a105290,"[Scenes of Glebe, N.S.W.] Glebe Point Road",1900-1927,"cars
horsedrawn carts
churches
entrance gates
gardens
historical costumes
lampposts
police
post offices
real estate agencies
roads & streets
schoolchildren
schools & colleges
shopfronts
streetscapes
trams",Glebe (N.S.W.),http://www.acmssearch.sl.nsw.gov.au/search/itemDetailPaged.cgi?itemID=72228,http://acms.sl.nsw.gov.au/_DAMx\image/18/134/a105290h.jpg,Glebe,Glebe Point Road,Sydney
a106234,"Pitt St., Sydney ",1900-1927,"awnings
horsedrawn carriages
cars
horsedrawn carts
cathedrals
clock towers
coaches (horsedrawn)
entrance gates
footmen
historic buildings
historical costumes
hospitals
hotels & taverns
iron fences
lampposts
markets
power & telegraph poles
roads & streets
shopfronts
streetscapes
town halls
trams","George Street (Sydney, N.S.W.)",http://www.acmssearch.sl.nsw.gov.au/search/itemDetailPaged.cgi?itemID=74111,http://acms.sl.nsw.gov.au/_DAMx\image/18/135/a106234h.jpg,Sydney City,Pitt Street,Sydney
a106236,"Victoria Markets [Queen Victoria Building], Sydney ",1900-1927,"awnings
horsedrawn carriages
cars
horsedrawn carts
cathedrals
clock towers
coaches (horsedrawn)
entrance gates
footmen
historic buildings
historical costumes
hospitals
hotels & taverns
iron fences
lampposts
markets
power & telegraph poles
roads & streets
shopfronts
streetscapes
town halls
trams","George Street (Sydney, N.S.W.)",http://www.acmssearch.sl.nsw.gov.au/search/itemDetailPaged.cgi?itemID=74111,http://acms.sl.nsw.gov.au/_DAMx\image/18/135/a106236h.jpg,Sydney City,George Street,Sydney
hall_35047,"530-556 George Street; Commonwealth Hotel, Bebarfalds,�",1900-1939,"department stores
hotels & taverns
intersections
traffic
trams","Bebarfalds (George Street, Sydney, N.S.W.)
George Street (Sydney, N.S.W.)
Park Street (Sydney, N.S.W.)",http://www.acmssearch.sl.nsw.gov.au/search/itemDetailPaged.cgi?itemID=41738,http://acms.sl.nsw.gov.au/_DAMl/image/17/131/hall_35047r.jpg,Sydney City,George Street,Sydney
hall_35051,"173 Pitt Street; Pearson's Fish Cafe, Will Andrade Books",1900-1939,"commercial establishments
ground vehicles
streetscapes
traffic","Commonwealth Bank (Pitt Street and Martin Place, Sydney, N.S.W.)
Pitt Street (Sydney, N.S.W.)",http://www.acmssearch.sl.nsw.gov.au/search/itemDetailPaged.cgi?itemID=41742,http://acms.sl.nsw.gov.au/_DAMl/image/17/131/hall_35051r.jpg,Sydney City,Pitt Street,Sydney
perier_34384,"Anthony Hordern's department store fire, Haymarket",1901,"department stores
firefighters
firefighting water
fires
horses
city & town streets","Anthony Hordern & Sons (George Street, Haymarket, N.S.W.)",http://www.acmssearch.sl.nsw.gov.au/search/itemDetailPaged.cgi?itemID=14931,http://acms.sl.nsw.gov.au/_DAMl/image/18/127/perier_34384r.jpg,Sydney City,George Street,Sydney
perier_34385,"Anthony Hordern's department store fire, Haymarket",1901,"department stores
firefighters
firefighting water
fires
horses
city & town streets","Anthony Hordern & Sons (George Street, Haymarket, N.S.W.)",http://www.acmssearch.sl.nsw.gov.au/search/itemDetailPaged.cgi?itemID=14933,http://acms.sl.nsw.gov.au/_DAMl/image/18/127/perier_34385r.jpg,Sydney City,George Street,Sydney
perier_34655,"Tram No. 29, King-Ocean Street cable tram, Queens Square and St James' Church",1901,"cable trams
obelisks
passengers
spires
squares (streets)","Queens Square (Sydney, N.S.W.)",http://www.acmssearch.sl.nsw.gov.au/search/itemDetailPaged.cgi?itemID=15100,http://acms.sl.nsw.gov.au/_DAMl/image/18/127/perier_34655r.jpg,Sydney City,King Street,Sydney
hall_35120,Nos 761-767 George Street,1903,"horsedrawn carts
ironwork
lanes
power & telegraph poles
shops
streetscapes
undertakers","Charles Kinsela (765 George Street, Sydney, N.S.W.)
George Street (Sydney, N.S.W.)
Sutton Forest Meats (George Street, Sydney, N.S.W.)",http://www.acmssearch.sl.nsw.gov.au/search/itemDetailPaged.cgi?itemID=41812,http://acms.sl.nsw.gov.au/_DAMl/image/17/131/hall_35120r.jpg,Sydney City,George Street,Sydney
a128623,"Eight Hour Procession. 4th October, 1909 / With compliments from ""The Star"".",1909,"anniversaries
banners
processions
trade unions","George Street (Sydney, N.S.W.)
Sydney Town Hall (Sydney, N.S.W.)",http://www.acmssearch.sl.nsw.gov.au/search/itemDetailPaged.cgi?itemID=431100,http://acms.sl.nsw.gov.au/_DAMl/image/19/167/a128623r.jpg,Sydney City,George Street,Sydney
a2057039,Harold Cazneaux : photographs of Sydney city,ca. 1910,"bond stores
bridge construction
churches
courthouses
flower stalls
hansom cabs
harbours
observatories
official residences
porches
royal visits
statues
universities
war memorials
war relief","Admiralty House (Kirribilli, N.S.W.)
Castlereagh Street (Sydney, N.S.W.)
Circular Quay (Sydney, N.S.W.)
Macquarie Street (Sydney, N.S.W.)
Martin Place (Sydney, N.S.W.)
Millers Point (N.S.W.)
Old Supreme Court (corner Elizabeth & King Streets, Sydney, N.S.W.)
Scots Church (Sydney, N.S.W.)
St. Andrew's Cathedral (Sydney, N.S.W.)
St. Stephen's Church (Macquarie Street, Sydney, N.S.W.)
St. Stephen's Church (Phillip Street, Sydney, N.S.W.)
Sydney Harbour Bridge (Sydney, N.S.W.)
Sydney Harbour (N.S.W.)
Sydney Observatory (N.S.W.)
University of Sydney (N.S.W.)
War Memorial (Hyde Park, Sydney, N.S.W.)",http://www.acmssearch.sl.nsw.gov.au/search/itemDetailPaged.cgi?itemID=403222,http://acms.sl.nsw.gov.au/_DAMx/image/19/160/a2057039h.jpg,Sydney City,George Street,Sydney
a215001,Harold Cazneaux : photographs of Sydney city. Western Hunter Street�,ca. 1910,"bond stores
bridge construction
churches
courthouses
flower stalls
hansom cabs
harbours
observatories
official residences
porches
royal visits
statues
universities
war memorials
war relief","Admiralty House (Kirribilli, N.S.W.)
Castlereagh Street (Sydney, N.S.W.)
Circular Quay (Sydney, N.S.W.)
Macquarie Street (Sydney, N.S.W.)
Martin Place (Sydney, N.S.W.)
Millers Point (N.S.W.)
Old Supreme Court (corner Elizabeth & King Streets, Sydney, N.S.W.)
Scots Church (Sydney, N.S.W.)
St. Andrew's Cathedral (Sydney, N.S.W.)
St. Stephen's Church (Macquarie Street, Sydney, N.S.W.)
St. Stephen's Church (Phillip Street, Sydney, N.S.W.)
Sydney Harbour Bridge (Sydney, N.S.W.)
Sydney Harbour (N.S.W.)
Sydney Observatory (N.S.W.)
University of Sydney (N.S.W.)
War Memorial (Hyde Park, Sydney, N.S.W.)",http://www.acmssearch.sl.nsw.gov.au/search/itemDetailPaged.cgi?itemID=153431,http://acms.sl.nsw.gov.au/_DAMx\image/18/140/a215001h.jpg,Sydney City,Hunter Street,Sydney
hood_07383,"Railway Square, before the Central Railway clock tower was built",ca. 1910,city & town streets,"Railway Square (Sydney, N.S.W.)",http://www.acmssearch.sl.nsw.gov.au/search/itemDetailPaged.cgi?itemID=8306,http://acms.sl.nsw.gov.au/_DAMl/image/17/145/hood_07383r.jpg,Sydney City,George Street,Sydney
hall_34734,"The city south-west from the Supreme Court, King Street, showing Town Hall, St. Andrews, George St",ca. 1910,city & town views,"Sydney (N.S.W.)
Sydney Town Hall (Sydney, N.S.W.)",http://www.acmssearch.sl.nsw.gov.au/search/itemDetailPaged.cgi?itemID=53134,http://acms.sl.nsw.gov.au/_DAMl/image/17/130/hall_34734r.jpg,Sydney City,George Street,Sydney
hood_08018,Tooth & Co. Fiat drinks delivery truck with a Zetz-Spa sign on it in front of Garratt's Ltd (Fiat agents) showroom & garage,1913,"car showrooms
delivery trucks
Fiat (trucks)
motor dealers
motor vehicle repair shops
veteran motor vehicles",Sydney (N.S.W.),http://www.acmssearch.sl.nsw.gov.au/search/itemDetailPaged.cgi?itemID=8788,http://acms.sl.nsw.gov.au/_DAMl/image/17/146/hood_08018r.jpg,Sydney City,George Street,Sydney
hood_07798,"View of Pitt Street, looking south from Rowe Street, with tram crossing King Street",ca. 1913,"buggies
drays
hansom cabs
power & telegraph poles
streetscapes
city & town streets
trams
tramways
Daimler (cars)","Market Street (Sydney, N.S.W.)
King Street (Sydney, N.S.W.)",http://www.acmssearch.sl.nsw.gov.au/search/itemDetailPaged.cgi?itemID=8673,http://acms.sl.nsw.gov.au/_DAMl/image/17/146/hood_07798r.jpg,Sydney City,Pitt Street,Sydney
a6783034,"Looking up King Street from beyond George Street. Sydney views, ca. 1916-1947 / photographed by Arthur Ernest Foster.",1916-1947,City & town streets,Sydney (N.S.W.),http://www.acmssearch.sl.nsw.gov.au/search/itemDetailPaged.cgi?itemID=944696,http://acms.sl.nsw.gov.au/_DAMx\image/23/115/a6783034h.jpg,Sydney City,George Street,Sydney
a1528420,"[Her Majesty's Theatre, Sydney, decorated and illuminated for the visit of the Prince of Wales and showing ""Kissing time"", 1920]",1920,"facades (places)
historic buildings
illuminations
musicals
royal visits
theatres & cinemas","Her Majesty's Theatre (Sydney, N.S.W.)
Pitt Street (Sydney, N.S.W.)",http://www.acmssearch.sl.nsw.gov.au/search/itemDetailPaged.cgi?itemID=395313,http://acms.sl.nsw.gov.au/_DAMl/image/20/146/a1528420r.jpg,Sydney City,Pitt Street,Sydney
hood_07961,George Street looking north; showing Town Hall and Queen Victoria Building,ca. 1920,"commercial establishments
city & town streets
town halls
trams","George Street (Sydney, N.S.W.)
Queen Victoria Building (Sydney, N.S.W.)",http://www.acmssearch.sl.nsw.gov.au/search/itemDetailPaged.cgi?itemID=8907,http://acms.sl.nsw.gov.au/_DAMl/image/17/146/hood_07961r.jpg,Sydney City,George Street,Sydney
hall_38425,"Palings and National Bank of Australasia, George Street, Sydney",1920-1930,"awnings
banks
cars
facades (places)
historic buildings
music shops
office buildings","George Street (Sydney, N.S.W.)",http://www.acmssearch.sl.nsw.gov.au/search/itemDetailPaged.cgi?itemID=61715,http://acms.sl.nsw.gov.au/_DAMl/image/17/131/hall_38425r.jpg,Sydney City,George Street,Sydney
hall_35090,Nos 177-191 Oxford Street,1925-1930,"commercial establishments
streetscapes
traffic","Oxford Street (Sydney, N.S.W.)
Taylor Square (Darlinghurst, N.S.W.)",http://www.acmssearch.sl.nsw.gov.au/search/itemDetailPaged.cgi?itemID=41783,http://acms.sl.nsw.gov.au/_DAMl/image/17/131/hall_35090r.jpg,Paddington,Oxford Street,Sydney
hood_05929,"""City railway (underground) was under construction"" - election rally queue, Druitt St, with construction in George St including Town Hall Hotel",1927-1930,"construction sites
elections
queues
railway construction
city & town streets
underground railways","Druitt Street (Sydney, N.S.W.)
George Street (Sydney, N.S.W.)
Sydney Town Hall (Sydney, N.S.W.)",http://www.acmssearch.sl.nsw.gov.au/search/itemDetailPaged.cgi?itemID=10315,http://acms.sl.nsw.gov.au/_DAMl/image/17/142/hood_05929r.jpg,Sydney City,George Street,Sydney
hall_34936,"The Colonial Mutual Insurance Co., Federal Mutual Chambers; Martin Place",1927-1930,"commercial establishments
insurance industry
intersections
traffic","Martin Place (Sydney, N.S.W.)
Pitt Street (Sydney, N.S.W.)",http://www.acmssearch.sl.nsw.gov.au/search/itemDetailPaged.cgi?itemID=53363,http://acms.sl.nsw.gov.au/_DAMl/image/17/131/hall_34936r.jpg,Sydney City,Pitt Street,Sydney
hood_06310,"First Miss Australia, Beryl Mills, getting into her new Chrysler convertible, while the commissionaire holds back the crowds, Haymarket Theatre",1927,"beauty contestants
Chrysler (cars)
commissionaires
crowds
uniforms","Haymarket Theatre (Sydney, N.S.W.)",http://www.acmssearch.sl.nsw.gov.au/search/itemDetailPaged.cgi?itemID=10361,http://acms.sl.nsw.gov.au/_DAMl/image/17/143/hood_06310r.jpg,Sydney City,George Street,Sydney
a3237005,Kings Cross. Ted Hood collection (miscellaneous),ca. 1927,"aerial photographs
Alsatians (dogs)
amusement parks
bridges
buildings, structures & establishments
farm buildings
floods
helicopters
milk carts
official buildings
teams of horses
theatres & cinemas
trams","Blue Mountains (N.S.W.)
Bondi (N.S.W.)
Cammeray (N.S.W.)
Circular Quay (Sydney, N.S.W.)
Forbes (N.S.W.)
Kings Cross (N.S.W)
Kings Cross Theatre (N.S.W.)
Parliament House (Parkes, A.C.T.)
Point Piper (N.S.W.)
Regent Theatre (Sydney, N.S.W.)
Sydney Harbour Bridge (Sydney, N.S.W.)",http://www.acmssearch.sl.nsw.gov.au/search/itemDetailPaged.cgi?itemID=52722,http://acms.sl.nsw.gov.au/_DAMx\image/20/157/a3237005h.jpg,Kings Cross,Darlinghurst Road,Sydney
hall_35122,George Street; (North British Mercantile Insurance Co),1930-1933,"cars
commercial establishments
insurance industry
city & town streets","George Street (Sydney, N.S.W.)",http://www.acmssearch.sl.nsw.gov.au/search/itemDetailPaged.cgi?itemID=41814,http://acms.sl.nsw.gov.au/_DAMl/image/17/131/hall_35122r.jpg,Sydney City,George Street,Sydney
hood_06863,The Sydney Town Hall illuminated for the Radio & Electrical Exhibition,1930s,"illuminations
shows & exhibitions
town halls","Sydney Town Hall (Sydney, N.S.W.)",http://www.acmssearch.sl.nsw.gov.au/search/itemDetailPaged.cgi?itemID=7754,http://acms.sl.nsw.gov.au/_DAMl/image/17/144/hood_06863r.jpg,Sydney City,George Street,Sydney
hall_35081,"Nos 23-311, Nos 310-338 George Street; Duff's Chambers, Peapes, Palings, Winkworths, etc",ca. 1930,"commercial establishments
streetscapes
traffic","George Street (Sydney, N.S.W.)",http://www.acmssearch.sl.nsw.gov.au/search/itemDetailPaged.cgi?itemID=41773,http://acms.sl.nsw.gov.au/_DAMl/image/17/131/hall_35081r.jpg,Sydney City,George Street,Sydney
hood_01867,The American Bag Stores in Oxford Street (?),ca. 1930,"department stores
city & town streets
trams
tramways","Oxford Street (Sydney, N.S.W.)",http://www.acmssearch.sl.nsw.gov.au/search/itemDetailPaged.cgi?itemID=43872,http://acms.sl.nsw.gov.au/_DAMl/image/17/135/hood_01867r.jpg,Paddington,Oxford Street,Sydney
hood_02580,Huge crowd in George Street at Mick Simmons' Sports Store,ca. 1930,"cars
commercial establishments
crowds
trams","George Street (Sydney, N.S.W.)",http://www.acmssearch.sl.nsw.gov.au/search/itemDetailPaged.cgi?itemID=50908,http://acms.sl.nsw.gov.au/_DAMl/image/17/137/hood_02580r.jpg,Sydney City,George Street,Sydney
hood_03914,"Long queue of men with suitcases, George Street, The Rocks",ca. 1930,queues,"ASN Co. Building (The Rocks, N.S.W.)
George Street North (The Rocks, Sydney, N.S.W.)",http://www.acmssearch.sl.nsw.gov.au/search/itemDetailPaged.cgi?itemID=6809,http://acms.sl.nsw.gov.au/_DAMl/image/17/138/hood_03914r.jpg,Sydney City,George Street,Sydney
hood_04680,Dairy Farmers' milk float,ca. 1930,"department stores
festivals, celebrations etc.
floats (processions)
working conditions","Bebarfalds (George Street, Sydney, N.S.W.)",http://www.acmssearch.sl.nsw.gov.au/search/itemDetailPaged.cgi?itemID=7314,http://acms.sl.nsw.gov.au/_DAMl/image/17/140/hood_04680r.jpg,Sydney City,George Street,Sydney
hood_04275,"View of King's Cross, looking north along Darlinghurst Road from the Kings Cross Hotel",1933-1934,"cars
intersections
shopping centres
suburbs
traffic police
tramways",Kings Cross (N.S.W),http://www.acmssearch.sl.nsw.gov.au/search/itemDetailPaged.cgi?itemID=6955,http://acms.sl.nsw.gov.au/_DAMl/image/17/139/hood_04275r.jpg,Kings Cross,Darlinghurst Road,Sydney
hood_29908,[Palmer's and Murdoch's department stores decorated for Gloucester Royal visit or Coronation],1934-1937," Australian flags
city & town streets
coats of arms
coronations
men's clothing shops
pedestrian crossings
royal visits"," F.J. Palmer & Son Ltd (cnr Pitt & Park Streets, Sydney, N.S.W.)
Murdoch's Ltd (Park & George Streets, Sydney, N.S.W.)",http://acms.sl.nsw.gov.au/item/itemDetailPaged.aspx?itemID=35628,http://acms.sl.nsw.gov.au/_DAMx/image/17/190/hood_29908h.jpg,Sydney City,George Street,Sydney
hood_04196,Tramwayman's funeral,ca. 1934,"funerals
railway stations
signal boxes (tramways)",Newtown Railway Station (N.S.W.),http://www.acmssearch.sl.nsw.gov.au/search/itemDetailPaged.cgi?itemID=6811,http://acms.sl.nsw.gov.au/_DAMl/image/17/139/hood_04196r.jpg,Newtown,King Street,Sydney
hood_04200,Tramwayman's funeral,ca. 1934,"funerals
railway stations
signal boxes (tramways)",Newtown Railway Station (N.S.W.),http://www.acmssearch.sl.nsw.gov.au/search/itemDetailPaged.cgi?itemID=6816,http://acms.sl.nsw.gov.au/_DAMl/image/17/110/hood_04200r.jpg,Newtown,King Street,Sydney
hood_04201,Tramwayman's funeral,ca. 1934,"funerals
railway stations
signal boxes (tramways)",Newtown Railway Station (N.S.W.),http://www.acmssearch.sl.nsw.gov.au/search/itemDetailPaged.cgi?itemID=6817,http://acms.sl.nsw.gov.au/_DAMl/image/17/110/hood_04201r.jpg,Newtown,King Street,Sydney
hood_04736,Pneumatic-tyred horsedrawn bread cart,ca. 1934,"bread carts
horsedrawn vehicles
processions
trams
traps (vehicles)","Taylor Square (Darlinghurst, N.S.W.)",http://www.acmssearch.sl.nsw.gov.au/search/itemDetailPaged.cgi?itemID=8986,http://acms.sl.nsw.gov.au/_DAMl/image/17/140/hood_04736r.jpg,Paddington,Oxford Street,Sydney
hood_04774,Break-in at jewellers' shop at Haymarket,ca. 1934,"awnings
historic buildings
Hudson (cars)
jewellery shops
motorcycles
police
robberies","Campbell Street (Sydney, N.S.W.)
George Street (Sydney, N.S.W.)
Haymarket (Sydney, N.S.W.)",http://www.acmssearch.sl.nsw.gov.au/search/itemDetailPaged.cgi?itemID=9058,http://acms.sl.nsw.gov.au/_DAMl/image/17/140/hood_04774r.jpg,Sydney City,George Street,Sydney
hood_01314,Women cross Railway Square in summer rain,1935,"pedestrians
rain
squares (streets)","Railway Square (Sydney, N.S.W.)",http://www.acmssearch.sl.nsw.gov.au/search/itemDetailPaged.cgi?itemID=43321,http://acms.sl.nsw.gov.au/_DAMl/image/17/134/hood_01314r.jpg,Sydney City,George Street,Sydney
hall_38654,"National Bank of Australasia, corner George Street & Martin Place, Sydney",ca. 1935,"banks
cars
facades (places)
historic buildings
intersections
city & town streets","National Bank of Australasia (corner Martin Place and George Street, Sydney, N.S.W.)",http://www.acmssearch.sl.nsw.gov.au/search/itemDetailPaged.cgi?itemID=61942,http://acms.sl.nsw.gov.au/_DAMl/image/17/132/hall_38654r.jpg,Sydney City,George Street,Sydney
hood_13260,Safety Week procession,1936,"fire engines
firefighters
processions
road safety","Gowings Building (corner George & Market Streets, Sydney, N.S.W.)",http://www.acmssearch.sl.nsw.gov.au/search/itemDetailPaged.cgi?itemID=15331,http://acms.sl.nsw.gov.au/_DAMl/image/17/157/hood_13260r.jpg,Sydney City,George Street,Sydney
hood_13645,Head-on motor smash in Glebe Road,1937,"crowds
road accidents","Glebe Road (Glebe, N.S.W.)",http://www.acmssearch.sl.nsw.gov.au/search/itemDetailPaged.cgi?itemID=94947,http://acms.sl.nsw.gov.au/_DAMl/image/17/157/hood_13645r.jpg,Glebe,Glebe Point Road,Sydney
hood_14451,"Queue for film ""Lloyds of London"", Regent Theatre",1937,"banks
historic buildings
queues
theatres & cinemas
trams","Bank of New South Wales (cnr. George & Bathurst Streets, Sydney, N.S.W.)
Regent Theatre (Sydney, N.S.W.)",http://www.acmssearch.sl.nsw.gov.au/search/itemDetailPaged.cgi?itemID=20279,http://acms.sl.nsw.gov.au/_DAMl/image/17/159/hood_14451r.jpg,Sydney City,George Street,Sydney
hood_15214,Tram and taxi smash in Pitt Street,1937,"cars
crowds
road accidents
taxis
city & town streets
trams","Pitt Street (Sydney, N.S.W.)",http://www.acmssearch.sl.nsw.gov.au/search/itemDetailPaged.cgi?itemID=20209,http://acms.sl.nsw.gov.au/_DAMl/image/17/160/hood_15214r.jpg,Sydney City,Pitt Street,Sydney
a390004,"South side, Martin Place. Ted Hood collection ",1938-1967,City & town streets,"Martin Place (Sydney, N.S.W.)",http://www.acmssearch.sl.nsw.gov.au/search/itemDetailPaged.cgi?itemID=411686,http://acms.sl.nsw.gov.au/_DAMx\image/18/147/a390004h.jpg,Sydney City,Martin Place,Sydney
hood_09659,"The George Parking Station, 222 George Street; Snudden's Hotel next door (for Building Publishing Co)",1939,"hotels & taverns
parking stations","George Parking Station (222 George Street, Sydney, N.S.W.)
Star Hotel (228 George Street, Sydney, N.S.W.)",http://www.acmssearch.sl.nsw.gov.au/search/itemDetailPaged.cgi?itemID=12105,http://acms.sl.nsw.gov.au/_DAMl/image/17/149/hood_09659r.jpg,Sydney City,George Street,Sydney
bcp_00265,"Kings Cross showing trolley bus, trams and cars - Sydney, NSW",ca. 1939,"cars
double-decker buses
fire stations
shops
city & town streets
trams",Sydney (N.S.W.),http://www.acmssearch.sl.nsw.gov.au/search/itemDetailPaged.cgi?itemID=388317,http://acms.sl.nsw.gov.au/_DAMl/image/17/121/bcp_00265r.jpg,Kings Cross,Darlinghurst Road,Sydney
hood_09795,Penfold's Wines display in shop windows next door to the Swiss Studios in George Street,1939,"Art Deco architecture
lanes
city & town streets
window displays
wine
wineshops","George Street (Sydney, N.S.W.)",http://www.acmssearch.sl.nsw.gov.au/search/itemDetailPaged.cgi?itemID=12186,http://acms.sl.nsw.gov.au/_DAMl/image/17/150/hood_09795r.jpg,Sydney City,George Street,Sydney
hood_09805,Penfold's Wines display in shop windows next to Scott's Fish & Oyster Cafe,1939,"Art Deco architecture
lanes
city & town streets
window displays
wine
wineshops","George Street (Sydney, N.S.W.)",http://www.acmssearch.sl.nsw.gov.au/search/itemDetailPaged.cgi?itemID=12196,http://acms.sl.nsw.gov.au/_DAMl/image/17/150/hood_09805r.jpg,Sydney City,George Street,Sydney
hood_09658,"The George Parking Station, 222 George Street; Snudden's Hotel next door (for Building Publishing Co)",1939,"hotels & taverns
parking stations
petrol pumps","George Parking Station (222 George Street, Sydney, N.S.W.)
Star Hotel (228 George Street, Sydney, N.S.W.)",http://www.acmssearch.sl.nsw.gov.au/search/itemDetailPaged.cgi?itemID=12104,http://acms.sl.nsw.gov.au/_DAMl/image/17/149/hood_09658r.jpg,Sydney City,George Street,Sydney
hood_23198,Great Southern Hotel,1940,"Art Deco architecture
hotels & taverns","Great Southern Hotel (George Street, Sydney, N.S.W.)",http://www.acmssearch.sl.nsw.gov.au/search/itemDetailPaged.cgi?itemID=27058,http://acms.sl.nsw.gov.au/_DAMl/image/17/176/hood_23198r.jpg,Sydney City,George Street,Sydney
hood_10178,"2nd A.I.F. marching in George Street, passing the Saluting Base at Sydney Town Hall",1940,"armies
crowds
military parades
processions
soldiers
city & town streets
town halls","George Street (Sydney, N.S.W.)
Queen Victoria Building (Sydney, N.S.W.)
Sydney Town Hall (Sydney, N.S.W.)",http://www.acmssearch.sl.nsw.gov.au/search/itemDetailPaged.cgi?itemID=88194,http://acms.sl.nsw.gov.au/_DAMl/image/17/150/hood_10178r.jpg,Sydney City,George Street,Sydney
hood_10182,2nd A.I.F. marching up George Street; from the GPO looking south,1940,"aerial views
army officers
military parades
processions
soldiers
city & town streets","George Street (Sydney, N.S.W.)",http://www.acmssearch.sl.nsw.gov.au/search/itemDetailPaged.cgi?itemID=12559,http://acms.sl.nsw.gov.au/_DAMl/image/17/150/hood_10182r.jpg,Sydney City,George Street,Sydney
hood_21250,"Regent Theatre (taken for Mr Curtis, RKO) and Bank of NSW",1945,"banks
cars
footpaths
theatres & cinemas","Bank of New South Wales (cnr. George & Bathurst Streets, Sydney, N.S.W.)
Regent Theatre (Sydney, N.S.W.)",http://www.acmssearch.sl.nsw.gov.au/search/itemDetailPaged.cgi?itemID=26488,http://acms.sl.nsw.gov.au/_DAMl/image/17/172/hood_21250r.jpg,Sydney City,George Street,Sydney
a865001,"Sydney nostalgia: portfolios 2,3 & 4, 1930s-1970s / photographed by Max Dupain",ca. 1950,"bridges
horsedrawn vehicles
markets
residential streets
roads & streets
streetscapes
city & town streets
trams","George Street (Sydney, N.S.W.)",http://www.acmssearch.sl.nsw.gov.au/search/itemDetailPaged.cgi?itemID=442691,http://acms.sl.nsw.gov.au/_DAMl/image/20/139/a865001r.jpg,Sydney City,George Street,Sydney
